{
  "n_rows": 132,
  "top1_acc": 0.9621212121212122,
  "mean_js": 0.0903838006655975,
  "mean_pmass_format": null,
  "mean_p": {
    "care": 0.2578707375290572,
    "fairness": 0.137588527282732,
    "loyalty": 0.1144713854095573,
    "authority": 0.12996039995194558,
    "sanctity": 0.1291078488050773,
    "liberty": 0.12620345678542633,
    "social": 0.10479764423620434
  },
  "model": "Qwen/Qwen3.6-27B",
  "adapter": "/workspace/w2schar-mini/out/iter/20260605T085340_iter_qwen-qwen3.6-27b/round08/adapter.safetensors",
  "c": 1.0,
  "name": "classic",
  "n_history": 5,
  "conditions": [
    "other_violate"
  ]
}