{
  "n_rows": 132,
  "top1_acc": 0.9621212121212122,
  "mean_js": 0.08970259481103313,
  "mean_pmass_format": null,
  "mean_p": {
    "care": 0.2593412891120908,
    "fairness": 0.1373936563673338,
    "loyalty": 0.11410647894959065,
    "authority": 0.12801403073570994,
    "sanctity": 0.12860148902591123,
    "liberty": 0.1257840039761832,
    "social": 0.1067590518331803
  },
  "model": "Qwen/Qwen3.6-27B",
  "adapter": null,
  "c": 0.0,
  "name": "classic",
  "n_history": 5,
  "conditions": [
    "other_violate"
  ]
}