{
  "n_rows": 132,
  "top1_acc": 0.8712121212121212,
  "mean_js": 0.13563793575113023,
  "mean_pmass_allowed": 0.9914794822724423,
  "mean_p": {
    "care": 0.31769526353136074,
    "fairness": 0.15635229621289265,
    "loyalty": 0.11331677193597955,
    "authority": 0.07637819939038484,
    "sanctity": 0.11855286528204766,
    "liberty": 0.10639498569317314,
    "social": 0.11130961795416149
  },
  "model": "google/gemma-2-27b-it",
  "adapter": "/workspace/w2schar-mini/out/iter/20260622T015441_iter_google-gemma-2-27b-it/round01/adapter.safetensors",
  "c": 1.3333333333333333,
  "name": "classic",
  "n_history": 1,
  "conditions": [
    "other_violate"
  ]
}