{
  "n_rows": 132,
  "top1_acc": 0.9545454545454546,
  "mean_js": 0.08915549816892586,
  "mean_pmass_format": null,
  "mean_p": {
    "care": 0.2560287671134115,
    "fairness": 0.14633568602613004,
    "loyalty": 0.11759649167540104,
    "authority": 0.131293636074409,
    "sanctity": 0.12626872248540877,
    "liberty": 0.11642623492787586,
    "social": 0.1060504616973638
  },
  "model": "Qwen/Qwen3.6-27B",
  "adapter": "/workspace/w2schar-mini/out/iter/20260605T085340_iter_qwen-qwen3.6-27b/round00/adapter.safetensors",
  "c": 1.0,
  "name": "classic",
  "n_history": 0,
  "conditions": [
    "other_violate"
  ]
}