{
  "n_rows": 132,
  "top1_acc": 0.7045454545454546,
  "mean_js": 0.20042350690842714,
  "mean_pmass_allowed": 0.9959403405135329,
  "mean_p": {
    "care": 0.4069015464679062,
    "fairness": 0.21681153015261045,
    "loyalty": 0.07383145063572102,
    "authority": 0.006828445749588678,
    "sanctity": 0.0912357038553167,
    "liberty": 0.12622661356597598,
    "social": 0.07816470957288087
  },
  "model": "google/gemma-2-27b-it",
  "adapter": "/workspace/w2schar-mini/out/iter/20260623T082604_iter_google-gemma-2-27b-it/round03/adapter.safetensors",
  "c": 1.3333333333333333,
  "name": "classic",
  "n_history": 3,
  "conditions": [
    "other_violate"
  ]
}