{
  "n_rows": 132,
  "top1_acc": 0.8484848484848485,
  "mean_js": 0.14442270814786715,
  "mean_pmass_allowed": 0.9980133259386728,
  "mean_p": {
    "care": 0.30236770694379855,
    "fairness": 0.17862142946470488,
    "loyalty": 0.1116401263988356,
    "authority": 0.07966797983537509,
    "sanctity": 0.12660798271513857,
    "liberty": 0.10516692914520687,
    "social": 0.09592784549694039
  },
  "model": "google/gemma-2-27b-it",
  "adapter": "/workspace/w2schar-mini/out/iter/20260622T015441_iter_google-gemma-2-27b-it/round02/adapter.safetensors",
  "c": 1.3333333333333333,
  "name": "classic",
  "n_history": 1,
  "conditions": [
    "other_violate"
  ]
}