{
  "n_rows": 132,
  "top1_acc": 0.9621212121212122,
  "mean_js": 0.09011442040554846,
  "mean_pmass_format": null,
  "mean_p": {
    "care": 0.26003904293429686,
    "fairness": 0.1374673894662606,
    "loyalty": 0.11398135104804637,
    "authority": 0.12804284998970844,
    "sanctity": 0.12868201727494172,
    "liberty": 0.12565027417375055,
    "social": 0.10613707511299544
  },
  "model": "Qwen/Qwen3.6-27B",
  "adapter": "/workspace/w2schar-mini/out/iter/20260605T085340_iter_qwen-qwen3.6-27b/round07/adapter.safetensors",
  "c": 1.0,
  "name": "classic",
  "n_history": 5,
  "conditions": [
    "other_violate"
  ]
}