{
  "n_rows": 132,
  "top1_acc": 0.9621212121212122,
  "mean_js": 0.08560552565779728,
  "mean_pmass_format": null,
  "mean_p": {
    "care": 0.2595025567432538,
    "fairness": 0.1342163270455717,
    "loyalty": 0.11664747315839187,
    "authority": 0.1315264537911805,
    "sanctity": 0.12161925611391368,
    "liberty": 0.1253995315827495,
    "social": 0.11108840156493893
  },
  "model": "Qwen/Qwen3.6-27B",
  "adapter": null,
  "c": 0.0,
  "name": "classic",
  "n_history": 3,
  "conditions": [
    "other_violate"
  ]
}