{
  "n_rows": 132,
  "top1_acc": 0.75,
  "mean_js": 0.18987884032965344,
  "mean_pmass_allowed": 0.9969103453737317,
  "mean_p": {
    "care": 0.4149738409564252,
    "fairness": 0.1626583797113161,
    "loyalty": 0.11315940592899065,
    "authority": 0.02922368032394561,
    "sanctity": 0.1071548519500782,
    "liberty": 0.09315948964104508,
    "social": 0.07967035148819922
  },
  "model": "google/gemma-2-27b-it",
  "adapter": "/workspace/w2schar-mini/out/iter/20260622T015441_iter_google-gemma-2-27b-it/round04/adapter.safetensors",
  "c": 1.3333333333333333,
  "name": "classic",
  "n_history": 2,
  "conditions": [
    "other_violate"
  ]
}