{
  "n_rows": 132,
  "top1_acc": 0.6136363636363636,
  "mean_js": 0.278790324406441,
  "mean_pmass_allowed": 0.9539412046010098,
  "mean_p": {
    "care": 0.42111095297584333,
    "fairness": 0.2779677477357405,
    "loyalty": 0.07151541988338177,
    "authority": 4.811508695837334e-05,
    "sanctity": 0.11123335763421364,
    "liberty": 0.10631856654159545,
    "social": 0.01180584014226697
  },
  "model": "google/gemma-2-27b-it",
  "adapter": "/workspace/w2schar-mini/out/iter/20260622T015441_iter_google-gemma-2-27b-it/round23/adapter.safetensors",
  "c": 1.3333333333333333,
  "name": "classic",
  "n_history": 11,
  "conditions": [
    "other_violate"
  ]
}