{
  "n_rows": 132,
  "top1_acc": 0.9621212121212122,
  "mean_js": 0.08213577063571775,
  "mean_pmass_format": null,
  "mean_p": {
    "care": 0.2570772504618684,
    "fairness": 0.13387121792677004,
    "loyalty": 0.11583873023992464,
    "authority": 0.13372358540279178,
    "sanctity": 0.11131699184429218,
    "liberty": 0.12423514986006873,
    "social": 0.12393707426428421
  },
  "model": "Qwen/Qwen3.6-27B",
  "adapter": null,
  "c": 0.0,
  "name": "classic",
  "n_history": 0,
  "conditions": [
    "other_violate"
  ]
}